[
  {"from": "В. Пестич", "months": 0, "style": 1},
  {"from": "Денис МДМ", "months": 1, "style": 1},
  {"from": "A. Førde", "months": 3, "style": 1},
  {"from": "A. Koenig", "months": 1, "style": 1},
  {"from": "A. Logos", "months": 30, "style": 2},
  {"from": "A. Miller", "months": 11, "style": 1},
  {"from": "A. Nakarada", "months": 17, "style": 2},
  {"from": "A. Robinson", "months": 7, "style": 2},
  {"from": "A. West", "months": 37, "style": 3},
  {"from": "A. Zastre", "months": 5, "style": 1},
  {"from": "AbedNego", "months": 6, "style": 1},
  {"from": "achgehzu0815", "months": 1, "style": 1},
  {"from": "aikodz", "months": 3, "style": 1},
  {"from": "Andrew S", "months": 1, "style": 1},
  {"from": "angrymouse", "months": 6, "style": 1},
  {"from": "aNitMotD", "months": 2, "style": 3},
  {"from": "applejacked", "months": 30, "style": 2},
  {"from": "Arte Lope", "months": 17, "style": 2},
  {"from": "Askanor", "months": 1, "style": 1},
  {"from": "AZ", "months": 3, "style": 1},
  {"from": "B. Maszlag", "months": 26, "style": 2},
  {"from": "B. Stone", "months": 5, "style": 2},
  {"from": "B3ginner", "months": 1, "style": 1},
  {"from": "Baang", "months": 45, "style": 5},
  {"from": "Baneful Path", "months": 11, "style": 3},
  {"from": "bashcoder", "months": 4, "style": 1},
  {"from": "BearsInTheSky", "months": 1, "style": 1},
  {"from": "Bjoern B.", "months": 4, "style": 1},
  {"from": "Brotango", "months": 3, "style": 1},
  {"from": "Budget Boudica", "months": 33, "style": 3},
  {"from": "C. Niemeier", "months": 10, "style": 2},
  {"from": "C. Szilagy", "months": 19, "style": 2},
  {"from": "C.M. Tolman", "months": 14, "style": 3},
  {"from": "Calyx", "months": 42, "style": 5},
  {"from": "camenre", "months": 2, "style": 1},
  {"from": "Chee", "months": 2, "style": 1},
  {"from": "Cis_Whiteman", "months": 10, "style": 2},
  {"from": "clopnaz", "months": 3, "style": 1},
  {"from": "Cod Smack", "months": 28, "style": 2},
  {"from": "Coolulder", "months": 52, "style": 5},
  {"from": "Cry0nicS", "months": 1, "style": 1},
  {"from": "cuinhellcat", "months": 2, "style": 1},
  {"from": "CysDg", "months": 1, "style": 1},
  {"from": "D. Bryan", "months": 2, "style": 1},
  {"from": "D. Ivanov", "months": 16, "style": 4},
  {"from": "D. Paulino", "months": 40, "style": 4},
  {"from": "D. Protzek", "months": 1, "style": 1},
  {"from": "D. Ward", "months": 14, "style": 3},
  {"from": "Dadaless", "months": 14, "style": 2},
  {"from": "Dante M.", "months": 37, "style": 4},
  {"from": "Darkscion", "months": 1, "style": 1},
  {"from": "deeray", "months": 48, "style": 3},
  {"from": "delasteve", "months": 1, "style": 2},
  {"from": "digininja", "months": 49, "style": 4},
  {"from": "dOmEsPLiTa", "months": 22, "style": 3},
  {"from": "dreamweaverkara", "months": 8, "style": 2},
  {"from": "DTauro", "months": 6, "style": 1},
  {"from": "Dvoth", "months": 3, "style": 1},
  {"from": "E. Giegerich", "months": 2, "style": 1},
  {"from": "E. Manhattan", "months": 12, "style": 2},
  {"from": "E. Troyak", "months": 4, "style": 3},
  {"from": "Ellendar", "months": 55, "style": 5},
  {"from": "EllieJelly", "months": 38, "style": 4},
  {"from": "facemask12", "months": 4, "style": 2},
  {"from": "FARIS2", "months": 4, "style": 2},
  {"from": "fmartensson", "months": 1, "style": 1},
  {"from": "frsm", "months": 37, "style": 3},
  {"from": "gamingrobot", "months": 9, "style": 2},
  {"from": "Gdubz", "months": 4, "style": 2},
  {"from": "Geon", "months": 2, "style": 1},
  {"from": "GRIMGeek", "months": 37, "style": 3},
  {"from": "Grotok", "months": 27, "style": 4},
  {"from": "gurthymyco", "months": 1, "style": 1},
  {"from": "haliun", "months": 17, "style": 4},
  {"from": "HardcoreXcat", "months": 9, "style": 1},
  {"from": "Harometras", "months": 13, "style": 2},
  {"from": "Heikki", "months": 34, "style": 3},
  {"from": "Holonaut", "months": 17, "style": 3},
  {"from": "HOOSIER", "months": 21, "style": 2},
  {"from": "Horstusius", "months": 8, "style": 2},
  {"from": "human45845", "months": 1, "style": 1},
  {"from": "hyronimus84", "months": 11, "style": 3},
  {"from": "I. Vyoral", "months": 1, "style": 1},
  {"from": "imaapty", "months": 4, "style": 2},
  {"from": "iqdrive", "months": 2, "style": 1},
  {"from": "J. Harmer", "months": 10, "style": 2},
  {"from": "J. Hutcheson", "months": 5, "style": 1},
  {"from": "J. K. Stava", "months": 0, "style": 1},
  {"from": "J. Krzeminski", "months": 14, "style": 2},
  {"from": "J. Madill", "months": 45, "style": 2},
  {"from": "J. Müller", "months": 36, "style": 3},
  {"from": "J. Pollard", "months": 4, "style": 1},
  {"from": "J. Porter", "months": 45, "style": 3},
  {"from": "J. Powell", "months": 0, "style": 1},
  {"from": "J. Rapp", "months": 23, "style": 3},
  {"from": "J. Reed", "months": 15, "style": 3},
  {"from": "J. Stratmann", "months": 53, "style": 4},
  {"from": "J. Wiegand", "months": 10, "style": 3},
  {"from": "jerbear_pnw", "months": 15, "style": 4},
  {"from": "Jordan", "months": 1, "style": 1},
  {"from": "JoyFired", "months": 7, "style": 1},
  {"from": "JP Bagdonas", "months": 8, "style": 2},
  {"from": "Jr Honorio", "months": 5, "style": 2},
  {"from": "K_fudge", "months": 1, "style": 2},
  {"from": "K. Hafenscher", "months": 26, "style": 4},
  {"from": "K. Hardy", "months": 14, "style": 5},
  {"from": "K. Kaptur", "months": 8, "style": 1},
  {"from": "K. Mohin", "months": 1, "style": 1},
  {"from": "KhaozNZ", "months": 5, "style": 1},
  {"from": "khay", "months": 30, "style": 2},
  {"from": "Kloozy", "months": 6, "style": 1},
  {"from": "kmalex4", "months": 33, "style": 3},
  {"from": "kruderf", "months": 1, "style": 1},
  {"from": "L. Chien", "months": 22, "style": 4},
  {"from": "L. Kasser", "months": 8, "style": 2},
  {"from": "L. Kelly", "months": 18, "style": 2},
  {"from": "L. MacNeil", "months": 32, "style": 5},
  {"from": "L. Sampaio Dias", "months": 2, "style": 1},
  {"from": "lecruz01", "months": 2, "style": 1},
  {"from": "Lendoria", "months": 32, "style": 4},
  {"from": "livejamie", "months": 27, "style": 2},
  {"from": "lord_lengl", "months": 2, "style": 1},
  {"from": "Lordius", "months": 1, "style": 1},
  {"from": "louislo", "months": 6, "style": 1},
  {"from": "Ludion R", "months": 13, "style": 2},
  {"from": "M. Aldous", "months": 40, "style": 3},
  {"from": "M. Gonzalez", "months": 6, "style": 2},
  {"from": "m. kim", "months": 6, "style": 1},
  {"from": "M. Kimble", "months": 44, "style": 4},
  {"from": "M. Lopez", "months": 10, "style": 3},
  {"from": "martin1*5", "months": 12, "style": 3},
  {"from": "Max10969", "months": 16, "style": 3},
  {"from": "Melu", "months": 1, "style": 1},
  {"from": "Mike", "months": 6, "style": 2},
  {"from": "MiksLynx", "months": 14, "style": 2},
  {"from": "Mindfire", "months": 2, "style": 1},
  {"from": "mmastrocinque", "months": 19, "style": 3},
  {"from": "Mr. Ozarka", "months": 10, "style": 2},
  {"from": "MrBoo", "months": 1, "style": 1},
  {"from": "N. Baldwin", "months": 33, "style": 4},
  {"from": "N. Juretic", "months": 15, "style": 4},
  {"from": "N. Pawlawski", "months": 3, "style": 1},
  {"from": "N. Sabin", "months": 1, "style": 1},
  {"from": "Nakoma", "months": 2, "style": 1},
  {"from": "ninni", "months": 22, "style": 2},
  {"from": "nipser", "months": 3, "style": 1},
  {"from": "P. Pandian", "months": 8, "style": 2},
  {"from": "P. Rodgers", "months": 1, "style": 1},
  {"from": "P. Roeper", "months": 36, "style": 3},
  {"from": "Pieman807", "months": 12, "style": 3},
  {"from": "Praestrom", "months": 2, "style": 1},
  {"from": "Quezion", "months": 39, "style": 4},
  {"from": "R. Chow", "months": 43, "style": 3},
  {"from": "R. Fidel", "months": 14, "style": 3},
  {"from": "R. Jomaa", "months": 2, "style": 1},
  {"from": "R. Klippert", "months": 26, "style": 3},
  {"from": "R. Meliksetyan", "months": 1, "style": 1},
  {"from": "R. Myers", "months": 1, "style": 1},
  {"from": "R. Palubeckas", "months": 4, "style": 2},
  {"from": "R. Seewaldt", "months": 6, "style": 1},
  {"from": "Rafnak", "months": 3, "style": 1},
  {"from": "Red", "months": 6, "style": 2},
  {"from": "Rogers", "months": 0, "style": 1},
  {"from": "roxzin", "months": 4, "style": 1},
  {"from": "Rutschi", "months": 14, "style": 4},
  {"from": "rw", "months": 31, "style": 3},
  {"from": "Ryndaar", "months": 12, "style": 3},
  {"from": "S. Barton", "months": 32, "style": 4},
  {"from": "S. Bejan", "months": 26, "style": 3},
  {"from": "S. Epstein", "months": 5, "style": 1},
  {"from": "S. Goozey", "months": 35, "style": 3},
  {"from": "S. Jones", "months": 18, "style": 4},
  {"from": "Sanii", "months": 45, "style": 5},
  {"from": "SasQ", "months": 1, "style": 1},
  {"from": "Secret Wizard", "months": 6, "style": 2},
  {"from": "Seppi", "months": 1, "style": 1},
  {"from": "sergeantglasc", "months": 7, "style": 2},
  {"from": "smartmusic", "months": 2, "style": 1},
  {"from": "smifli", "months": 13, "style": 3},
  {"from": "sn0cr4sh", "months": 31, "style": 3},
  {"from": "snape3619", "months": 3, "style": 1},
  {"from": "Solaarian", "months": 25, "style": 2},
  {"from": "Splat", "months": 7, "style": 1},
  {"from": "stark4machines", "months": 13, "style": 2},
  {"from": "Steve O.", "months": 6, "style": 1},
  {"from": "StrangerKill", "months": 39, "style": 3},
  {"from": "Sven T", "months": 1, "style": 1},
  {"from": "Sy", "months": 33, "style": 3},
  {"from": "sycofly", "months": 14, "style": 1},
  {"from": "symphony", "months": 30, "style": 2},
  {"from": "T. Boone", "months": 10, "style": 3},
  {"from": "T. Jidevik", "months": 3, "style": 1},
  {"from": "T. Pluta", "months": 16, "style": 2},
  {"from": "T. Rayne", "months": 3, "style": 1},
  {"from": "T. Szuszai", "months": 5, "style": 2},
  {"from": "T. Trav", "months": 25, "style": 5},
  {"from": "Tactical96", "months": 2, "style": 1},
  {"from": "TH", "months": 11, "style": 1},
  {"from": "ThatGuyWasTaken", "months": 48, "style": 5},
  {"from": "TheDriveHome", "months": 31, "style": 3},
  {"from": "tony", "months": 1, "style": 1},
  {"from": "Traceur", "months": 21, "style": 4},
  {"from": "turmalin", "months": 4, "style": 2},
  {"from": "V. Chernenko", "months": 2, "style": 1},
  {"from": "Vandi", "months": 30, "style": 3},
  {"from": "vervalsen", "months": 1, "style": 1},
  {"from": "Vexvolt", "months": 1, "style": 1},
  {"from": "vii", "months": 13, "style": 3},
  {"from": "Vindexus", "months": 8, "style": 2},
  {"from": "vivi", "months": 4, "style": 2},
  {"from": "vovin", "months": 4, "style": 2},
  {"from": "Vulinux", "months": 14, "style": 3},
  {"from": "W. Milas", "months": 52, "style": 4},
  {"from": "Washclof", "months": 14, "style": 2},
  {"from": "Wiggles", "months": 21, "style": 4},
  {"from": "Zach H", "months": 11, "style": 5},
  {"from": "Zigra", "months": 14, "style": 3},
  {"from": "zlajo", "months": 8, "style": 1}
]